--
-- PostgreSQL database dump
--

-- Dumped from database version 9.6.10
-- Dumped by pg_dump version 10.5

-- Started on 2019-01-23 14:21:05

SET statement_timeout = 0;
SET lock_timeout = 0;
SET idle_in_transaction_session_timeout = 0;
SET client_encoding = 'UTF8';
SET standard_conforming_strings = on;
SELECT pg_catalog.set_config('search_path', '', false);
SET check_function_bodies = false;
SET client_min_messages = warning;
SET row_security = off;

--
-- TOC entry 1 (class 3079 OID 12703)
-- Name: plpgsql; Type: EXTENSION; Schema: -; Owner: 
--

CREATE EXTENSION IF NOT EXISTS plpgsql WITH SCHEMA pg_catalog;


--
-- TOC entry 2481 (class 0 OID 0)
-- Dependencies: 1
-- Name: EXTENSION plpgsql; Type: COMMENT; Schema: -; Owner: 
--

COMMENT ON EXTENSION plpgsql IS 'PL/pgSQL procedural language';


--
-- TOC entry 185 (class 1259 OID 17021)
-- Name: adres_id_seq; Type: SEQUENCE; Schema: public; Owner: postgres
--

CREATE SEQUENCE public.adres_id_seq
    START WITH 1
    INCREMENT BY 1
    NO MINVALUE
    NO MAXVALUE
    CACHE 1;


ALTER TABLE public.adres_id_seq OWNER TO postgres;

SET default_tablespace = '';

SET default_with_oids = false;

--
-- TOC entry 186 (class 1259 OID 17031)
-- Name: adres; Type: TABLE; Schema: public; Owner: postgres
--

CREATE TABLE public.adres (
    adres_id integer DEFAULT nextval('public.adres_id_seq'::regclass) NOT NULL,
    kraj character varying(40) DEFAULT 'POLSKA'::character varying NOT NULL,
    wojewodztwo character varying(40) NOT NULL,
    miasto character varying(40) NOT NULL,
    kod_pocztowy character varying(6) NOT NULL,
    ulica character varying(50) NOT NULL,
    nr_budynku character varying(5) NOT NULL,
    nr_lokalu character varying(5) DEFAULT NULL::character varying
);


ALTER TABLE public.adres OWNER TO postgres;

--
-- TOC entry 189 (class 1259 OID 24576)
-- Name: pacjent; Type: TABLE; Schema: public; Owner: postgres
--

CREATE TABLE public.pacjent (
    pesel character varying(11) NOT NULL,
    imie character varying(40) NOT NULL,
    nazwisko character varying(60) NOT NULL,
    numer_telefonu character varying(9) NOT NULL,
    adres_id integer NOT NULL,
    data_urodzenia date NOT NULL,
    miejsce_urodzenia character varying(40) NOT NULL,
    plec character varying(20)
);


ALTER TABLE public.pacjent OWNER TO postgres;

--
-- TOC entry 188 (class 1259 OID 17046)
-- Name: pracownik; Type: TABLE; Schema: public; Owner: postgres
--

CREATE TABLE public.pracownik (
    pracownik_id integer NOT NULL,
    adres_id integer NOT NULL,
    stanowisko character varying(20),
    imie character varying(40) NOT NULL,
    nazwisko character varying(60) NOT NULL,
    login character varying(30) NOT NULL,
    haslo character varying(41) DEFAULT '*8E14FF355FA3947F0622AC3F316B1472A5992604'::character varying,
    numer_telefonu character varying(9) NOT NULL
);


ALTER TABLE public.pracownik OWNER TO postgres;

--
-- TOC entry 187 (class 1259 OID 17044)
-- Name: pracownik_pracownik_id_seq; Type: SEQUENCE; Schema: public; Owner: postgres
--

CREATE SEQUENCE public.pracownik_pracownik_id_seq
    START WITH 1
    INCREMENT BY 1
    NO MINVALUE
    NO MAXVALUE
    CACHE 1;


ALTER TABLE public.pracownik_pracownik_id_seq OWNER TO postgres;

--
-- TOC entry 2482 (class 0 OID 0)
-- Dependencies: 187
-- Name: pracownik_pracownik_id_seq; Type: SEQUENCE OWNED BY; Schema: public; Owner: postgres
--

ALTER SEQUENCE public.pracownik_pracownik_id_seq OWNED BY public.pracownik.pracownik_id;


--
-- TOC entry 191 (class 1259 OID 24588)
-- Name: wizyta; Type: TABLE; Schema: public; Owner: postgres
--

CREATE TABLE public.wizyta (
    wizyta_id integer NOT NULL,
    pracownik_id integer NOT NULL,
    pesel character varying(11) NOT NULL,
    data_wizyty timestamp without time zone NOT NULL
);


ALTER TABLE public.wizyta OWNER TO postgres;

--
-- TOC entry 190 (class 1259 OID 24586)
-- Name: wizyta_wizyta_id_seq; Type: SEQUENCE; Schema: public; Owner: postgres
--

CREATE SEQUENCE public.wizyta_wizyta_id_seq
    START WITH 1
    INCREMENT BY 1
    NO MINVALUE
    NO MAXVALUE
    CACHE 1;


ALTER TABLE public.wizyta_wizyta_id_seq OWNER TO postgres;

--
-- TOC entry 2483 (class 0 OID 0)
-- Dependencies: 190
-- Name: wizyta_wizyta_id_seq; Type: SEQUENCE OWNED BY; Schema: public; Owner: postgres
--

ALTER SEQUENCE public.wizyta_wizyta_id_seq OWNED BY public.wizyta.wizyta_id;


--
-- TOC entry 2334 (class 2604 OID 17049)
-- Name: pracownik pracownik_id; Type: DEFAULT; Schema: public; Owner: postgres
--

ALTER TABLE ONLY public.pracownik ALTER COLUMN pracownik_id SET DEFAULT nextval('public.pracownik_pracownik_id_seq'::regclass);


--
-- TOC entry 2336 (class 2604 OID 24591)
-- Name: wizyta wizyta_id; Type: DEFAULT; Schema: public; Owner: postgres
--

ALTER TABLE ONLY public.wizyta ALTER COLUMN wizyta_id SET DEFAULT nextval('public.wizyta_wizyta_id_seq'::regclass);


--
-- TOC entry 2468 (class 0 OID 17031)
-- Dependencies: 186
-- Data for Name: adres; Type: TABLE DATA; Schema: public; Owner: postgres
--

COPY public.adres (adres_id, kraj, wojewodztwo, miasto, kod_pocztowy, ulica, nr_budynku, nr_lokalu) FROM stdin;
1	POLSKA	lubelskie	Lublin	20-005	Górna	5A	3
3	POLSKA	lubelskie	Lublin	20-806	Wojciecha Danielskiego	9	
2	POLSKA	lubelskie	Lublin	20-010	Gminna	6	
4	POLSKA	lubelskie	Lublin	20-015	Wschodnia	5	
5	POLSKA	lubelskie	Lublin	20-027	Hipoteczna	1	\N
\.


--
-- TOC entry 2471 (class 0 OID 24576)
-- Dependencies: 189
-- Data for Name: pacjent; Type: TABLE DATA; Schema: public; Owner: postgres
--

COPY public.pacjent (pesel, imie, nazwisko, numer_telefonu, adres_id, data_urodzenia, miejsce_urodzenia, plec) FROM stdin;
96080655119	Łukasz	Filipek	731003100	3	1996-08-06	Garwolin	Mężczyzna
92071314764	Adrianna	Wiśniewska	733151654	4	1992-07-13	Lublin	Kobieta
90080517455	Mateusz	Wiśniewski	701710564	4	1990-08-05	Lublin	Mężczyzna
\.


--
-- TOC entry 2470 (class 0 OID 17046)
-- Dependencies: 188
-- Data for Name: pracownik; Type: TABLE DATA; Schema: public; Owner: postgres
--

COPY public.pracownik (pracownik_id, adres_id, stanowisko, imie, nazwisko, login, haslo, numer_telefonu) FROM stdin;
1	1	Lekarz	Artur	Zając	artur.zajac	*8E14FF355FA3947F0622AC3F316B1472A5992604	721311511
2	2	Recepcjonista	Agnieszka	Kolas	agnieszka.kolas	*8E14FF355FA3947F0622AC3F316B1472A5992604	653777312
3	5	Lekarz	Katarzyna	Tarka-Porębska	katarzyna.tarka.porebska	*8E14FF355FA3947F0622AC3F316B1472A5992604	888578143
\.


--
-- TOC entry 2473 (class 0 OID 24588)
-- Dependencies: 191
-- Data for Name: wizyta; Type: TABLE DATA; Schema: public; Owner: postgres
--

COPY public.wizyta (wizyta_id, pracownik_id, pesel, data_wizyty) FROM stdin;
2	1	90080517455	2019-01-22 15:00:00
3	1	92071314764	2019-01-23 12:20:00
4	1	96080655119	2019-01-25 14:25:00
5	1	90080517455	2019-01-23 13:00:00
6	1	96080655119	2019-01-23 11:15:00
7	1	90080517455	2019-01-08 15:00:00
8	1	96080655119	2019-01-08 16:10:00
9	3	90080517455	2019-01-23 13:30:00
\.


--
-- TOC entry 2484 (class 0 OID 0)
-- Dependencies: 185
-- Name: adres_id_seq; Type: SEQUENCE SET; Schema: public; Owner: postgres
--

SELECT pg_catalog.setval('public.adres_id_seq', 5, true);


--
-- TOC entry 2485 (class 0 OID 0)
-- Dependencies: 187
-- Name: pracownik_pracownik_id_seq; Type: SEQUENCE SET; Schema: public; Owner: postgres
--

SELECT pg_catalog.setval('public.pracownik_pracownik_id_seq', 3, true);


--
-- TOC entry 2486 (class 0 OID 0)
-- Dependencies: 190
-- Name: wizyta_wizyta_id_seq; Type: SEQUENCE SET; Schema: public; Owner: postgres
--

SELECT pg_catalog.setval('public.wizyta_wizyta_id_seq', 9, true);


--
-- TOC entry 2338 (class 2606 OID 17038)
-- Name: adres adres_pkey; Type: CONSTRAINT; Schema: public; Owner: postgres
--

ALTER TABLE ONLY public.adres
    ADD CONSTRAINT adres_pkey PRIMARY KEY (adres_id);


--
-- TOC entry 2344 (class 2606 OID 24580)
-- Name: pacjent pacjent_pkey; Type: CONSTRAINT; Schema: public; Owner: postgres
--

ALTER TABLE ONLY public.pacjent
    ADD CONSTRAINT pacjent_pkey PRIMARY KEY (pesel);


--
-- TOC entry 2340 (class 2606 OID 17054)
-- Name: pracownik pracownik_login_key; Type: CONSTRAINT; Schema: public; Owner: postgres
--

ALTER TABLE ONLY public.pracownik
    ADD CONSTRAINT pracownik_login_key UNIQUE (login);


--
-- TOC entry 2342 (class 2606 OID 17052)
-- Name: pracownik pracownik_pkey; Type: CONSTRAINT; Schema: public; Owner: postgres
--

ALTER TABLE ONLY public.pracownik
    ADD CONSTRAINT pracownik_pkey PRIMARY KEY (pracownik_id);


--
-- TOC entry 2345 (class 2606 OID 17039)
-- Name: adres pacjent_fk_adres; Type: FK CONSTRAINT; Schema: public; Owner: postgres
--

ALTER TABLE ONLY public.adres
    ADD CONSTRAINT pacjent_fk_adres FOREIGN KEY (adres_id) REFERENCES public.adres(adres_id);


--
-- TOC entry 2347 (class 2606 OID 24581)
-- Name: pacjent pacjent_fk_adres; Type: FK CONSTRAINT; Schema: public; Owner: postgres
--

ALTER TABLE ONLY public.pacjent
    ADD CONSTRAINT pacjent_fk_adres FOREIGN KEY (adres_id) REFERENCES public.adres(adres_id);


--
-- TOC entry 2346 (class 2606 OID 17055)
-- Name: pracownik pracownik_fk_adres; Type: FK CONSTRAINT; Schema: public; Owner: postgres
--

ALTER TABLE ONLY public.pracownik
    ADD CONSTRAINT pracownik_fk_adres FOREIGN KEY (adres_id) REFERENCES public.adres(adres_id);


--
-- TOC entry 2349 (class 2606 OID 24597)
-- Name: wizyta wizyta_fk_pacjent; Type: FK CONSTRAINT; Schema: public; Owner: postgres
--

ALTER TABLE ONLY public.wizyta
    ADD CONSTRAINT wizyta_fk_pacjent FOREIGN KEY (pesel) REFERENCES public.pacjent(pesel);


--
-- TOC entry 2348 (class 2606 OID 24592)
-- Name: wizyta wizyta_fk_pracownik; Type: FK CONSTRAINT; Schema: public; Owner: postgres
--

ALTER TABLE ONLY public.wizyta
    ADD CONSTRAINT wizyta_fk_pracownik FOREIGN KEY (pracownik_id) REFERENCES public.pracownik(pracownik_id);


-- Completed on 2019-01-23 14:21:11

--
-- PostgreSQL database dump complete
--

